{
	"class_name" : "PinholeCameraParameters",
	"extrinsic" : 
	[
		-0.064008138662484587,
		-0.40623700466189006,
		0.91152315068148426,
		0.0,
		-0.99781284187971775,
		0.010943658724878546,
		-0.065190251676418801,
		0.0,
		0.016507294293298922,
		-0.9137022120893924,
		-0.40604898332352163,
		0.0,
		0.66439367507626401,
		11.385604034881187,
		9.1689438889513877,
		1.0
	],
	"intrinsic" : 
	{
		"height" : 1080,
		"intrinsic_matrix" : 
		[
			935.30743608719376,
			0.0,
			0.0,
			0.0,
			935.30743608719376,
			0.0,
			1279.5,
			539.5,
			1.0
		],
		"width" : 2560
	},
	"version_major" : 1,
	"version_minor" : 0
}