{
	"class_name" : "ViewTrajectory",
	"interval" : 29,
	"is_loop" : false,
	"trajectory" : 
	[
		{
			"boundingbox_max" : [ 77.967330932617188, 44.878612518310547, 2.8253412246704102 ],
			"boundingbox_min" : [ -78.087394714355469, -55.723411560058594, -11.556541442871094 ],
			"field_of_view" : 60.0,
			"front" : [ -0.77890587944128009, -0.29994490651672795, 0.55076191228740345 ],
			"lookat" : [ -1.7862606846297771, -2.6636404880755942, 0.10182454466050381 ],
			"up" : [ 0.49443647370898086, 0.24654329989849333, 0.83351603148433207 ],
			"zoom" : 0.15999999999999961
		}
	],
	"version_major" : 1,
	"version_minor" : 0
}